<?xml version="1.0" encoding="UTF-8"?>
<project-private xmlns="http://www.netbeans.org/ns/project-private/1">
    <editor-bookmarks xmlns="http://www.netbeans.org/ns/editor-bookmarks/2" lastBookmarkId="0"/>
    <open-files xmlns="http://www.netbeans.org/ns/projectui-open-files/2">
        <group>
            <file>file:/C:/Users/AdminCis/Documents/NetBeansProjects/Proyecto/src/Uth/Vista/Frmvotante.java</file>
            <file>file:/C:/Users/AdminCis/Documents/NetBeansProjects/Proyecto/src/Uth/Vista/Menuprincipal.java</file>
            <file>file:/C:/Users/AdminCis/Documents/NetBeansProjects/Proyecto/src/Uth/Vista/Frmvoto.java</file>
            <file>file:/C:/Users/AdminCis/Documents/NetBeansProjects/Proyecto/src/Uth/Vista/Menuadministracion.java</file>
            <file>file:/C:/Users/AdminCis/Documents/NetBeansProjects/Proyecto/src/Uth/Vista/Frmcandidato.java</file>
        </group>
    </open-files>
</project-private>
